{"MachineName":"T4","MachinePositionVec":{"x":-18.100000381469728,"y":0.5,"z":33.20000076293945},"MachinePosition":{"x":0.0,"y":0.0,"z":0.0},"MachineRotation":{"x":0.0,"y":0.0,"z":0.0}}