{"MachineName":"T4","MachinePosition":{"x":-18.100000381469728,"y":0.5,"z":33.20000076293945},"MachineRotation":{"x":4.5208754073655658e-8,"y":-1.0619265466971229e-8,"z":-4.4281936339984898e-8,"w":1.0}}